
SET SQL_MODE = "NO_AUTO_VALUE_ON_ZERO";
SET time_zone = "+00:00";

--
-- Database: `ninjacms`
--

SET FOREIGN_KEY_CHECKS = 0;


--
-- Dumping data for table `ninjacms_menuItems`
--

INSERT INTO `ninjacms_menus` (`id`, `fk_domain_id`, `securekey`, `name`, `createdBy`, `modifiedBy`, `createdAt`, `modifiedAt`, `sort`, `menuTemplate`, `menuTemplatePosition`, `grandChildrenTemplatePosition`, `drawAllGrandChildren`, `grandChildrenRelativePosition`) VALUES
(1, 1, '21c59f4999f996bdf586e704d2b92e7c', 'Default Menu', 'Install', 'Install', '2017-04-17 17:56:01', '2017-04-17 17:56:01', 1, NULL, 'A', 'A', 1, 'inline');

--
-- Dumping data for table `ninjacms_menus`
--

INSERT INTO `ninjacms_menuItems` (`id`, `fk_content_id`, `fk_field_id_category1`, `fk_field_id_category2`, `securekey`, `name`, `createdBy`, `domain_template_override`, `hide`, `modifiedBy`, `createdAt`, `modifiedAt`, `sort`, `mapAttached`, `mapContent`, `mode`, `pageClass`, `pageTitle`, `metaDescription`, `slug`, `grandChildrenTemplatePosition`, `grandChildrenRelativePosition`, `drawAllGrandChildren`, `hideEmptyCategories`, `drawListItemsAsMenuItems`, `pagination`, `blogArchiveMenuPosition`, `fk_rootMenu_id`, `fk_parentMenuItem_id`, `fk_contentType_id`, `fk_field_id_categoryRelationship`) VALUES
(2, 4, NULL, NULL, '6e6e74e747c216e9e28b7f425fd96134', 'a:1:{s:2:"en";s:12:"Default Home";}', 'INSTALL', NULL, 0, 'INSTALL', '2017-04-19 23:28:57', '2017-04-19 23:28:57', 1, '3_root', 'single_4', 'single', 'home', 'a:1:{s:2:"en";s:20:"Welcome to Ninja CMS";}', 'a:1:{s:2:"en";N;}', 'a:1:{s:2:"en";s:12:"default-home";}', 'A', 'inline', 1, 1, 0, NULL, NULL, 1, NULL, NULL, NULL),
(3, NULL, 22, 23, 'edfeecf8692600a020beaaa7f865b13e', 'a:1:{s:2:"en";s:14:"Category Menus";}', 'INSTALL', NULL, 0, 'INSTALL', '2017-04-19 23:37:56', '2017-04-20 00:02:59', 5, '3_root', 'list_10', 'list', 'categories', 'a:1:{s:2:"en";s:14:"Category Menus";}', 'a:1:{s:2:"en";N;}', 'a:1:{s:2:"en";s:13:"category-menu";}', 'A', 'inline', 1, 1, 0, NULL, NULL, 1, NULL, 10, 18);


INSERT INTO `ninjacms_blockFields` (`id`, `fk_block_id`, `securekey`, `sort`, `createdBy`, `modifiedBy`, `createdAt`, `modifiedAt`, `fieldContent`) VALUES
(14, 14, '61f14dd8e7e62c788880b7757035a614', NULL, 'INSTALL', 'INSTALL', '2017-04-19 09:29:45', '2017-04-19 23:30:51', 'a:1:{s:4:"text";a:1:{s:2:"en";N;}}'),
(15, 15, 'dea7a1ea0e37fdf0349fa8114ec55285', NULL, 'INSTALL', 'INSTALL', '2017-04-19 09:29:45', '2017-04-19 09:29:45', 'a:1:{s:8:"checkbox";b:0;}'),
(16, 16, '49fde5ae463fb11a0adabf6317b1a9fc', NULL, 'INSTALL', 'INSTALL', '2017-04-19 09:29:45', '2017-04-19 23:34:53', 'a:1:{s:6:"choice";N;}'),
(17, 17, '36e10c13662e88ac808a5d8a5cfed9c5', NULL, 'INSTALL', 'INSTALL', '2017-04-19 09:29:45', '2017-04-19 23:34:53', 'a:1:{s:4:"form";N;}'),
(18, 18, 'a5d2b604ab80364e388dc41d5d63069f', NULL, 'INSTALL', 'INSTALL', '2017-04-19 09:29:45', '2017-04-19 09:29:45', 'a:1:{s:4:"date";s:0:"";}'),
(19, 19, 'f943f9b6454283a69a2405dd823c73e8', NULL, 'INSTALL', 'INSTALL', '2017-04-19 09:29:45', '2017-04-19 23:30:51', 'a:2:{s:6:"field1";N;s:6:"field2";N;}'),
(20, 20, '5e2324468faa079e674125467ce8aa96', NULL, 'INSTALL', 'INSTALL', '2017-04-19 09:29:45', '2017-04-19 23:30:51', 'a:1:{s:10:"fileupload";a:1:{s:8:"filePath";N;}}'),
(21, 21, '4536415a6170a3e02259957b29f9d2ec', NULL, 'INSTALL', 'INSTALL', '2017-04-19 09:29:45', '2017-04-19 23:30:51', 'a:1:{s:14:"relatedcontent";s:0:"";}'),
(22, 22, '15619dcbd2e47207d61a3cafdc6f703b', NULL, 'INSTALL', 'INSTALL', '2017-04-19 09:29:45', '2017-04-19 23:34:53', 'a:1:{s:8:"textarea";N;}'),
(23, 23, '7050bceeb6ba03937b1d1ff8ee62e2d8', NULL, 'INSTALL', 'INSTALL', '2017-04-19 09:29:45', '2017-04-19 23:30:51', 'a:1:{s:7:"wysiwyg";s:75:"<p>Welcome to Ninja CMS - This content was entered from a WYSIWYG field</p>";}'),
(24, 24, '7f9509fd548ed954e9760c01d3c851f9', NULL, 'INSTALL', 'INSTALL', '2017-04-19 23:30:51', '2017-04-19 23:30:51', 'a:1:{s:7:"related";s:0:"";}'),
(25, 25, '36a539708d91833c3d9b553d7e4a04f9', NULL, 'INSTALL', 'INSTALL', '2017-04-19 23:30:51', '2017-04-19 23:30:51', 'a:1:{s:4:"main";s:0:"";}'),
(26, 26, '9fa5dc8c2fa634df41b25c6206dbe840', NULL, 'INSTALL', 'INSTALL', '2017-04-19 23:30:51', '2017-04-19 23:30:51', 'a:1:{s:3:"sub";s:0:"";}'),
(27, 27, 'ff676417446a7a86c0db629540dd9f9d', NULL, 'INSTALL', 'INSTALL', '2017-04-19 23:36:19', '2017-04-19 23:36:19', 'a:1:{s:4:"main";i:9;}'),
(28, 28, '70ece41a25daafbdccc9cbe9252352ce', NULL, 'INSTALL', 'INSTALL', '2017-04-19 23:37:03', '2017-04-19 23:37:03', 'a:1:{s:12:"mainCategoty";i:9;}'),
(29, 29, 'b0f2d8540e826977e26cae944e8b3962', NULL, 'INSTALL', 'INSTALL', '2017-04-19 23:37:03', '2017-04-19 23:37:03', 'a:1:{s:11:"subCategory";i:10;}');

--
-- Dumping data for table `ninjacms_blocks`
--

INSERT INTO `ninjacms_blocks` (`id`, `fk_field_id`, `fk_content_id`, `securekey`, `sort`, `createdBy`, `modifiedBy`, `createdAt`, `modifiedAt`, `fk_contentType_id`) VALUES
(14, 4, 4, '6030dbea7a34571b64c080c3aa64ac39', 9, 'INSTALL', 'INSTALL', '2017-04-19 09:29:45', '2017-04-19 23:30:51', NULL),
(15, 5, 4, 'fed2a6855d03d140672f031c8d9f2797', 1, 'INSTALL', 'INSTALL', '2017-04-19 09:29:45', '2017-04-19 23:21:55', NULL),
(16, 6, 4, '11eb69a717ac382e4df4affab6823197', 2, 'INSTALL', 'INSTALL', '2017-04-19 09:29:45', '2017-04-19 23:21:55', NULL),
(17, 7, 4, 'a942dac335d818850b12b3563254b71f', 3, 'INSTALL', 'INSTALL', '2017-04-19 09:29:45', '2017-04-19 23:21:55', NULL),
(18, 8, 4, '12efd45d5978ece504445cafadc8c0c4', 4, 'INSTALL', 'INSTALL', '2017-04-19 09:29:45', '2017-04-19 23:21:55', NULL),
(19, 9, 4, '3dca48a3f55c99ede3be56c552893570', 5, 'INSTALL', 'INSTALL', '2017-04-19 09:29:45', '2017-04-19 23:21:55', NULL),
(20, 10, 4, '60e687a8431273d7e8a9a279753004b2', 6, 'INSTALL', 'INSTALL', '2017-04-19 09:29:45', '2017-04-19 23:21:55', NULL),
(21, 11, 4, 'd07b4ea172fbd99188927da4d030ad8b', 7, 'INSTALL', 'INSTALL', '2017-04-19 09:29:45', '2017-04-19 23:21:55', NULL),
(22, 12, 4, 'b56031c21b10743b6c989e23864c2d4a', 8, 'INSTALL', 'INSTALL', '2017-04-19 09:29:45', '2017-04-19 23:21:55', NULL),
(23, 14, 4, 'f55a9e67895bb3b923bd0fb73a70d65d', 10, 'INSTALL', 'INSTALL', '2017-04-19 09:29:45', '2017-04-19 23:21:55', NULL),
(24, 17, 4, 'ffdea3b9ea271e76eb3b47391db9aa91', 11, 'INSTALL', 'INSTALL', '2017-04-19 23:30:51', '2017-04-19 23:30:51', NULL),
(25, 19, 4, 'e4d49a15658b39bf6e652cd1c3f3750d', 12, 'INSTALL', 'INSTALL', '2017-04-19 23:30:51', '2017-04-19 23:30:51', NULL),
(26, 20, 4, 'b895bf2da07bbabd61d5c5ce2854b476', 13, 'INSTALL', 'INSTALL', '2017-04-19 23:30:51', '2017-04-19 23:30:51', NULL),
(27, 18, 10, 'f7114a5f70b7376adb527e9673b6e8f2', 0, 'INSTALL', 'INSTALL', '2017-04-19 23:36:19', '2017-04-19 23:36:19', NULL),
(28, 22, 11, '9a582b0e8feccf9658631d9793a98f47', 0, 'INSTALL', 'INSTALL', '2017-04-19 23:37:03', '2017-04-19 23:37:03', NULL),
(29, 23, 11, 'e9c24dac8dd9f68d8d7114a04690fc4f', 1, 'INSTALL', 'INSTALL', '2017-04-19 23:37:03', '2017-04-19 23:37:03', NULL);

--
-- Dumping data for table `ninjacms_cmsforms`
--

INSERT INTO `ninjacms_cmsforms` (`id`, `securekey`, `name`, `createdBy`, `modifiedBy`, `createdAt`, `modifiedAt`, `formTitle`, `buttonText`, `template`, `successURL`, `sendAdminEmailOnSubmit`, `adminEmailToAddress`, `adminEmailFromAddress`, `adminEmailText`, `adminEmailHTML`, `fk_contentType_id`) VALUES
(1, '733a2803da2901eed70967e82c0d8056', 'A test form', 'INSTALL', 'INSTALL', '2017-04-19 09:31:39', '2017-04-19 23:21:08', 'a:1:{s:2:"en";s:11:"A test form";}', NULL, NULL, 'a:1:{s:2:"en";s:8:"/success";}', 0, NULL, NULL, NULL, NULL, 6);

--
-- Dumping data for table `ninjacms_content`
--

INSERT INTO `ninjacms_content` (`id`, `securekey`, `name`, `slug`, `createdBy`, `modifiedBy`, `createdAt`, `content`, `modifiedAt`, `fk_fieldContentType_id`) VALUES
(4, '7bc158d9fc244535cd241f82fdf17820', 'Default', 'a:1:{s:2:"en";s:7:"default";}', 'jfx', 'jfx', '2017-04-19 00:39:18', 'a:1:{s:2:"en";a:13:{s:8:"checkbox";b:0;s:6:"choice";N;s:4:"form";N;s:4:"date";s:0:"";s:7:"embeded";a:1:{i:0;a:2:{s:6:"field1";N;s:6:"field2";N;}}s:10:"fileupload";a:1:{s:8:"filePath";N;}s:14:"relatedcontent";a:1:{i:0;a:0:{}}s:8:"textarea";N;s:4:"text";N;s:7:"wysiwyg";s:75:"<p>Welcome to Ninja CMS - This content was entered from a WYSIWYG field</p>";s:7:"related";a:1:{i:0;a:0:{}}s:4:"main";a:1:{i:0;a:0:{}}s:3:"sub";a:1:{i:0;a:0:{}}}}', '2017-04-20 10:20:36', 4),
(9, '32b26f4f20caf83b2b150773038452a7', 'Category 1 Item', 'a:1:{s:2:"en";s:5:"cat-1";}', 'jfx', 'jfx', '2017-04-19 23:35:42', 'a:1:{s:2:"en";a:0:{}}', '2017-04-20 10:20:52', 7),
(10, 'b36949cd316d70363809fc73bcbff3b5', 'Sub category item 1', 'a:1:{s:2:"en";s:9:"sub-cat-1";}', 'jfx', 'jfx', '2017-04-19 23:36:09', 'a:1:{s:2:"en";a:1:{s:4:"main";a:1:{i:0;a:0:{}}}}', '2017-04-20 10:20:58', 8),
(11, 'dc9cd1281e97ac759e19abe687f1161f', 'Categorised Content', 'a:1:{s:2:"en";s:19:"categorised-content";}', 'jfx', 'jfx', '2017-04-19 23:36:57', 'a:1:{s:2:"en";a:2:{s:12:"mainCategoty";a:1:{i:0;a:0:{}}s:11:"subCategory";a:1:{i:0;a:1:{s:4:"main";a:1:{i:0;a:0:{}}}}}}', '2017-04-20 10:20:26', 10);

--
-- Dumping data for table `ninjacms_contentTypes`
--

INSERT INTO `ninjacms_contentTypes` (`id`, `securekey`, `name`, `slug`, `contentTemplatePath`, `listTemplatePath`, `categoryPageTemplatePath`, `adminTemplatePath`, `hideFromMenus`, `createdBy`, `modifiedBy`, `createdAt`, `modifiedAt`) VALUES
(4, '8ac657aac6e650f4cf68ece70583e589', 'Default Content Type', 'a:1:{s:2:"en";s:7:"default";}', NULL, NULL, NULL, NULL, 0, 'INSTALL', 'INSTALL', '2017-04-18 21:25:48', '2017-04-19 23:21:55'),
(6, 'a7e09a5e570555431646c3eed884167c', 'Default Embbeded Content Model', 'a:1:{s:2:"en";s:30:"default-embbeded-content-model";}', NULL, NULL, NULL, NULL, 0, 'INSTALL', 'INSTALL', '2017-04-19 09:02:14', '2017-04-19 23:24:55'),
(7, '0540302d96a021d3f9180ec18088c5e0', 'Main Category', 'a:1:{s:2:"en";s:12:"maincategory";}', NULL, NULL, NULL, NULL, 0, 'INSTALL', 'INSTALL', '2017-04-19 09:54:36', '2017-04-19 09:54:36'),
(8, '566e9e75dbb20eb14aec8a41227368a7', 'SubCategory', 'a:1:{s:2:"en";s:11:"subcategory";}', NULL, NULL, NULL, NULL, 0, 'INSTALL', 'INSTALL', '2017-04-19 09:55:21', '2017-04-19 09:55:21'),
(9, '2e41330d02b466e75fc7ed4a5c91c0c2', 'Default Form Content', 'a:1:{s:2:"en";s:20:"default-form-content";}', NULL, NULL, NULL, NULL, 0, 'INSTALL', 'INSTALL', '2017-04-19 23:24:06', '2017-04-19 23:24:06'),
(10, '2152c59c2e763a56a1e46bcdc5b34439', 'Default categorised content', 'a:1:{s:2:"en";s:27:"default-categorised-content";}', NULL, NULL, NULL, NULL, 0, 'INSTALL', 'INSTALL', '2017-04-19 23:26:56', '2017-04-19 23:26:56');

--
-- Dumping data for table `ninjacms_fields`
--

INSERT INTO `ninjacms_fields` (`id`, `securekey`, `sort`, `name`, `variableName`, `isRepeatable`, `isRequired`, `requiredText`, `repeatableGroupLabel`, `gridNewRow`, `gridColsSmall`, `gridColsMedium`, `gridColsLarge`, `createdBy`, `modifiedBy`, `createdAt`, `modifiedAt`, `label`, `settings`, `fk_fieldType_id`, `fk_contentType_id__variable`, `fk_contentType_id__attribute`, `type`) VALUES
(4, 'b077f20bdc71f55e4ee37cc80236daad', 0, 'Text', 'text', 0, 0, NULL, NULL, NULL, NULL, NULL, NULL, 'INSTALL', 'INSTALL', '2017-04-18 21:57:00', '2017-04-19 23:21:55', 'Blah', 'a:18:{s:18:"text__translatable";b:1;s:15:"choice__options";N;s:23:"choice__choice_expanded";b:0;s:20:"choice__choice_multi";b:0;s:22:"cms_form__translatable";b:0;s:24:"date__date_string_format";N;s:36:"embedded_content_model__content_type";N;s:29:"file_upload__html_file_folder";N;s:29:"related_content__content_type";N;s:22:"textarea__translatable";b:0;s:14:"textarea__cols";N;s:14:"textarea__rows";N;s:13:"text__maxchrs";N;s:28:"wysiwyg_editor__translatable";b:0;s:23:"wysiwyg_editor__options";N;s:32:"wysiwyg_editor__html_file_folder";N;s:31:"file_upload__file_upload_folder";N;s:34:"wysiwyg_editor__file_upload_folder";N;}', NULL, 4, NULL, 'text'),
(5, 'eedf57287a0f021f8baeab01d3a26dd3', 1, 'Checkbox', 'checkbox', 0, 0, NULL, NULL, NULL, NULL, NULL, NULL, 'INSTALL', 'INSTALL', '2017-04-19 00:38:58', '2017-04-19 23:21:55', 'checkbox', 'a:18:{s:15:"choice__options";N;s:23:"choice__choice_expanded";b:0;s:20:"choice__choice_multi";b:0;s:22:"cms_form__translatable";b:0;s:24:"date__date_string_format";N;s:36:"embedded_content_model__content_type";N;s:29:"file_upload__html_file_folder";N;s:29:"related_content__content_type";N;s:22:"textarea__translatable";b:0;s:14:"textarea__cols";N;s:14:"textarea__rows";N;s:18:"text__translatable";b:0;s:13:"text__maxchrs";N;s:28:"wysiwyg_editor__translatable";b:0;s:23:"wysiwyg_editor__options";N;s:32:"wysiwyg_editor__html_file_folder";N;s:31:"file_upload__file_upload_folder";N;s:34:"wysiwyg_editor__file_upload_folder";N;}', NULL, 4, NULL, 'checkbox'),
(6, 'f7017c886be96f66b46b5a71ea44fdbf', 2, 'Choice', 'choice', 0, 0, NULL, NULL, NULL, NULL, NULL, NULL, 'INSTALL', 'INSTALL', '2017-04-19 00:38:58', '2017-04-19 23:21:55', 'choice', 'a:18:{s:15:"choice__options";s:14:"h=hello;b=brad";s:23:"choice__choice_expanded";b:0;s:20:"choice__choice_multi";b:0;s:22:"cms_form__translatable";b:0;s:24:"date__date_string_format";N;s:36:"embedded_content_model__content_type";N;s:29:"file_upload__html_file_folder";N;s:29:"related_content__content_type";N;s:22:"textarea__translatable";b:0;s:14:"textarea__cols";N;s:14:"textarea__rows";N;s:18:"text__translatable";b:0;s:13:"text__maxchrs";N;s:28:"wysiwyg_editor__translatable";b:0;s:23:"wysiwyg_editor__options";N;s:32:"wysiwyg_editor__html_file_folder";N;s:31:"file_upload__file_upload_folder";N;s:34:"wysiwyg_editor__file_upload_folder";N;}', NULL, 4, NULL, 'choice'),
(7, 'b65bd91419a13aa6f462650019767860', 3, 'Form', 'form', 0, 0, NULL, NULL, NULL, NULL, NULL, NULL, 'INSTALL', 'INSTALL', '2017-04-19 00:38:58', '2017-04-19 23:21:55', 'form', 'a:18:{s:15:"choice__options";N;s:23:"choice__choice_expanded";b:0;s:20:"choice__choice_multi";b:0;s:22:"cms_form__translatable";b:0;s:24:"date__date_string_format";N;s:36:"embedded_content_model__content_type";N;s:29:"file_upload__html_file_folder";N;s:29:"related_content__content_type";N;s:22:"textarea__translatable";b:0;s:14:"textarea__cols";N;s:14:"textarea__rows";N;s:18:"text__translatable";b:0;s:13:"text__maxchrs";N;s:28:"wysiwyg_editor__translatable";b:0;s:23:"wysiwyg_editor__options";N;s:32:"wysiwyg_editor__html_file_folder";N;s:31:"file_upload__file_upload_folder";N;s:34:"wysiwyg_editor__file_upload_folder";N;}', NULL, 4, NULL, 'cms_form'),
(8, 'bcda24f35e5194ef6490afd587f0d325', 4, 'Date', 'date', 0, 0, NULL, NULL, NULL, NULL, NULL, NULL, 'INSTALL', 'INSTALL', '2017-04-19 00:38:58', '2017-04-19 23:21:55', 'date', 'a:18:{s:15:"choice__options";N;s:23:"choice__choice_expanded";b:0;s:20:"choice__choice_multi";b:0;s:22:"cms_form__translatable";b:0;s:24:"date__date_string_format";s:10:"dd.mm.yyyy";s:36:"embedded_content_model__content_type";N;s:29:"file_upload__html_file_folder";N;s:29:"related_content__content_type";N;s:22:"textarea__translatable";b:0;s:14:"textarea__cols";N;s:14:"textarea__rows";N;s:18:"text__translatable";b:0;s:13:"text__maxchrs";N;s:28:"wysiwyg_editor__translatable";b:0;s:23:"wysiwyg_editor__options";N;s:32:"wysiwyg_editor__html_file_folder";N;s:31:"file_upload__file_upload_folder";N;s:34:"wysiwyg_editor__file_upload_folder";N;}', NULL, 4, NULL, 'date'),
(9, '818888994dedc79c03c451d957aa86d4', 5, 'Embeded', 'embeded', 0, 0, NULL, NULL, NULL, NULL, NULL, NULL, 'INSTALL', 'INSTALL', '2017-04-19 00:38:58', '2017-04-19 23:21:55', 'embeded', 'a:18:{s:15:"choice__options";N;s:23:"choice__choice_expanded";b:0;s:20:"choice__choice_multi";b:0;s:22:"cms_form__translatable";b:0;s:24:"date__date_string_format";N;s:36:"embedded_content_model__content_type";i:6;s:29:"file_upload__html_file_folder";N;s:29:"related_content__content_type";N;s:22:"textarea__translatable";b:0;s:14:"textarea__cols";N;s:14:"textarea__rows";N;s:18:"text__translatable";b:0;s:13:"text__maxchrs";N;s:28:"wysiwyg_editor__translatable";b:0;s:23:"wysiwyg_editor__options";N;s:32:"wysiwyg_editor__html_file_folder";N;s:31:"file_upload__file_upload_folder";N;s:34:"wysiwyg_editor__file_upload_folder";N;}', NULL, 4, NULL, 'embedded_content_model'),
(10, 'fcecca9d8cc4cd11160692f327d9ee99', 6, 'File upload', 'fileupload', 0, 0, NULL, NULL, NULL, NULL, NULL, NULL, 'INSTALL', 'INSTALL', '2017-04-19 00:38:58', '2017-04-19 23:21:55', 'fileupload', 'a:18:{s:15:"choice__options";N;s:23:"choice__choice_expanded";b:0;s:20:"choice__choice_multi";b:0;s:22:"cms_form__translatable";b:0;s:24:"date__date_string_format";N;s:36:"embedded_content_model__content_type";N;s:29:"file_upload__html_file_folder";N;s:29:"related_content__content_type";N;s:22:"textarea__translatable";b:0;s:14:"textarea__cols";N;s:14:"textarea__rows";N;s:18:"text__translatable";b:0;s:13:"text__maxchrs";N;s:28:"wysiwyg_editor__translatable";b:0;s:23:"wysiwyg_editor__options";N;s:32:"wysiwyg_editor__html_file_folder";N;s:31:"file_upload__file_upload_folder";N;s:34:"wysiwyg_editor__file_upload_folder";N;}', NULL, 4, NULL, 'file_upload'),
(11, '76c699b1fd7eb18af546aedd45caeb25', 7, 'Related content', 'relatedcontent', 0, 0, NULL, NULL, NULL, NULL, NULL, NULL, 'INSTALL', 'INSTALL', '2017-04-19 00:38:58', '2017-04-19 23:21:55', 'relatedcontent', 'a:18:{s:15:"choice__options";N;s:23:"choice__choice_expanded";b:0;s:20:"choice__choice_multi";b:0;s:22:"cms_form__translatable";b:0;s:24:"date__date_string_format";N;s:36:"embedded_content_model__content_type";N;s:29:"file_upload__html_file_folder";N;s:29:"related_content__content_type";N;s:22:"textarea__translatable";b:0;s:14:"textarea__cols";N;s:14:"textarea__rows";N;s:18:"text__translatable";b:0;s:13:"text__maxchrs";N;s:28:"wysiwyg_editor__translatable";b:0;s:23:"wysiwyg_editor__options";N;s:32:"wysiwyg_editor__html_file_folder";N;s:31:"file_upload__file_upload_folder";N;s:34:"wysiwyg_editor__file_upload_folder";N;}', NULL, 4, NULL, 'related_content'),
(12, 'd310fb4a3692e9d92c9d5d391c2b5efd', 8, 'text area', 'textarea', 0, 0, NULL, NULL, NULL, NULL, NULL, NULL, 'INSTALL', 'INSTALL', '2017-04-19 00:38:58', '2017-04-19 23:21:55', 'textarea', 'a:18:{s:15:"choice__options";N;s:23:"choice__choice_expanded";b:0;s:20:"choice__choice_multi";b:0;s:22:"cms_form__translatable";b:0;s:24:"date__date_string_format";N;s:36:"embedded_content_model__content_type";N;s:29:"file_upload__html_file_folder";N;s:29:"related_content__content_type";N;s:22:"textarea__translatable";b:0;s:14:"textarea__cols";N;s:14:"textarea__rows";N;s:18:"text__translatable";b:0;s:13:"text__maxchrs";N;s:28:"wysiwyg_editor__translatable";b:0;s:23:"wysiwyg_editor__options";N;s:32:"wysiwyg_editor__html_file_folder";N;s:31:"file_upload__file_upload_folder";N;s:34:"wysiwyg_editor__file_upload_folder";N;}', NULL, 4, NULL, 'textarea'),
(13, 'e618dc85b9296e650ce7ee4de9b39b5a', 9, 'Text', 'text', 0, 0, NULL, NULL, NULL, NULL, NULL, NULL, 'INSTALL', 'INSTALL', '2017-04-19 00:38:58', '2017-04-19 23:21:55', 'Text', 'a:18:{s:15:"choice__options";N;s:23:"choice__choice_expanded";b:0;s:20:"choice__choice_multi";b:0;s:22:"cms_form__translatable";b:0;s:24:"date__date_string_format";N;s:36:"embedded_content_model__content_type";N;s:29:"file_upload__html_file_folder";N;s:29:"related_content__content_type";N;s:22:"textarea__translatable";b:0;s:14:"textarea__cols";N;s:14:"textarea__rows";N;s:18:"text__translatable";b:0;s:13:"text__maxchrs";N;s:28:"wysiwyg_editor__translatable";b:0;s:23:"wysiwyg_editor__options";N;s:32:"wysiwyg_editor__html_file_folder";N;s:31:"file_upload__file_upload_folder";N;s:34:"wysiwyg_editor__file_upload_folder";N;}', NULL, 4, NULL, 'text'),
(14, '27bc8e30a2dd7bde0b2db3294ffb6085', 10, 'WSIWIG', 'wysiwyg', 0, 0, NULL, NULL, NULL, NULL, NULL, NULL, 'INSTALL', 'INSTALL', '2017-04-19 00:38:58', '2017-04-19 23:21:55', 'WSIWIG', 'a:18:{s:15:"choice__options";N;s:23:"choice__choice_expanded";b:0;s:20:"choice__choice_multi";b:0;s:22:"cms_form__translatable";b:0;s:24:"date__date_string_format";N;s:36:"embedded_content_model__content_type";N;s:29:"file_upload__html_file_folder";N;s:29:"related_content__content_type";N;s:22:"textarea__translatable";b:0;s:14:"textarea__cols";N;s:14:"textarea__rows";N;s:18:"text__translatable";b:0;s:13:"text__maxchrs";N;s:28:"wysiwyg_editor__translatable";b:0;s:23:"wysiwyg_editor__options";N;s:32:"wysiwyg_editor__html_file_folder";N;s:31:"file_upload__file_upload_folder";N;s:34:"wysiwyg_editor__file_upload_folder";N;}', NULL, 4, NULL, 'wysiwyg_editor'),
(15, 'fdbbba3e9faa1199d90379243217bdd6', 0, 'Embeded field 1', 'field1', 0, 0, NULL, NULL, NULL, NULL, NULL, NULL, 'INSTALL', 'INSTALL', '2017-04-19 09:02:14', '2017-04-19 23:24:55', 'Embeded field 1', 'a:16:{s:15:"choice__options";N;s:23:"choice__choice_expanded";b:0;s:20:"choice__choice_multi";b:0;s:22:"cms_form__translatable";b:0;s:24:"date__date_string_format";N;s:36:"embedded_content_model__content_type";N;s:31:"file_upload__file_upload_folder";N;s:29:"related_content__content_type";N;s:22:"textarea__translatable";b:0;s:14:"textarea__cols";N;s:14:"textarea__rows";N;s:18:"text__translatable";b:0;s:13:"text__maxchrs";N;s:28:"wysiwyg_editor__translatable";b:0;s:23:"wysiwyg_editor__options";N;s:34:"wysiwyg_editor__file_upload_folder";N;}', NULL, 6, NULL, 'text'),
(16, '975f76a04bf778fe5c619a76b457174e', 1, 'Embeded field 2', 'field2', 0, 0, NULL, NULL, NULL, NULL, NULL, NULL, 'INSTALL', 'INSTALL', '2017-04-19 09:02:14', '2017-04-19 23:24:55', 'Embeded field 2', 'a:16:{s:15:"choice__options";N;s:23:"choice__choice_expanded";b:0;s:20:"choice__choice_multi";b:0;s:22:"cms_form__translatable";b:0;s:24:"date__date_string_format";N;s:36:"embedded_content_model__content_type";N;s:31:"file_upload__file_upload_folder";N;s:29:"related_content__content_type";N;s:22:"textarea__translatable";b:0;s:14:"textarea__cols";N;s:14:"textarea__rows";N;s:18:"text__translatable";b:0;s:13:"text__maxchrs";N;s:28:"wysiwyg_editor__translatable";b:0;s:23:"wysiwyg_editor__options";N;s:34:"wysiwyg_editor__file_upload_folder";N;}', NULL, 6, NULL, 'text'),
(17, 'b6eb6c34f30833e8331ef3cffcd1ef0a', 11, 'Related', 'related', 0, 0, NULL, NULL, NULL, NULL, NULL, NULL, 'INSTALL', 'INSTALL', '2017-04-19 09:38:13', '2017-04-19 23:21:55', 'Related', 'a:16:{s:15:"choice__options";N;s:23:"choice__choice_expanded";b:0;s:20:"choice__choice_multi";b:0;s:22:"cms_form__translatable";b:0;s:24:"date__date_string_format";N;s:36:"embedded_content_model__content_type";N;s:31:"file_upload__file_upload_folder";N;s:29:"related_content__content_type";i:8;s:22:"textarea__translatable";b:0;s:14:"textarea__cols";N;s:14:"textarea__rows";N;s:18:"text__translatable";b:0;s:13:"text__maxchrs";N;s:28:"wysiwyg_editor__translatable";b:0;s:23:"wysiwyg_editor__options";N;s:34:"wysiwyg_editor__file_upload_folder";N;}', NULL, 4, NULL, 'related_content'),
(18, 'dac5322c9507e385a1c389b139e07844', 0, 'Main category', 'main', 0, 0, NULL, NULL, NULL, NULL, NULL, NULL, 'INSTALL', 'INSTALL', '2017-04-19 09:55:22', '2017-04-19 09:55:22', 'Main category', 'a:16:{s:15:"choice__options";N;s:23:"choice__choice_expanded";b:0;s:20:"choice__choice_multi";b:0;s:22:"cms_form__translatable";b:0;s:24:"date__date_string_format";N;s:36:"embedded_content_model__content_type";N;s:31:"file_upload__file_upload_folder";N;s:29:"related_content__content_type";i:7;s:22:"textarea__translatable";b:0;s:14:"textarea__cols";N;s:14:"textarea__rows";N;s:18:"text__translatable";b:0;s:13:"text__maxchrs";N;s:28:"wysiwyg_editor__translatable";b:0;s:23:"wysiwyg_editor__options";N;s:34:"wysiwyg_editor__file_upload_folder";N;}', NULL, 8, NULL, 'related_content'),
(19, '0fc19b983d1297b69634825b3adb7fff', 12, 'Main Cat', 'main', 0, 0, NULL, NULL, NULL, NULL, NULL, NULL, 'INSTALL', 'INSTALL', '2017-04-19 09:58:02', '2017-04-19 23:21:55', 'Main Cat', 'a:16:{s:15:"choice__options";N;s:23:"choice__choice_expanded";b:0;s:20:"choice__choice_multi";b:0;s:22:"cms_form__translatable";b:0;s:24:"date__date_string_format";N;s:36:"embedded_content_model__content_type";N;s:31:"file_upload__file_upload_folder";N;s:29:"related_content__content_type";i:7;s:22:"textarea__translatable";b:0;s:14:"textarea__cols";N;s:14:"textarea__rows";N;s:18:"text__translatable";b:0;s:13:"text__maxchrs";N;s:28:"wysiwyg_editor__translatable";b:0;s:23:"wysiwyg_editor__options";N;s:34:"wysiwyg_editor__file_upload_folder";N;}', NULL, 4, NULL, 'related_content'),
(20, '21fa889d4fbb0d31d5e4bc298ddc27c5', 13, 'Sub Cat', 'sub', 0, 0, NULL, NULL, NULL, NULL, NULL, NULL, 'INSTALL', 'INSTALL', '2017-04-19 09:58:02', '2017-04-19 23:21:55', 'Sub Cat', 'a:16:{s:15:"choice__options";N;s:23:"choice__choice_expanded";b:0;s:20:"choice__choice_multi";b:0;s:22:"cms_form__translatable";b:0;s:24:"date__date_string_format";N;s:36:"embedded_content_model__content_type";N;s:31:"file_upload__file_upload_folder";N;s:29:"related_content__content_type";i:8;s:22:"textarea__translatable";b:0;s:14:"textarea__cols";N;s:14:"textarea__rows";N;s:18:"text__translatable";b:0;s:13:"text__maxchrs";N;s:28:"wysiwyg_editor__translatable";b:0;s:23:"wysiwyg_editor__options";N;s:34:"wysiwyg_editor__file_upload_folder";N;}', NULL, 4, NULL, 'related_content'),
(21, '0772dde5a40576a3b9da9e3f7056623b', 0, 'Message', 'message', 0, 0, NULL, NULL, NULL, NULL, NULL, NULL, 'INSTALL', 'INSTALL', '2017-04-19 23:24:06', '2017-04-19 23:24:06', 'Enter a message', 'a:16:{s:15:"choice__options";N;s:23:"choice__choice_expanded";b:0;s:20:"choice__choice_multi";b:0;s:22:"cms_form__translatable";b:0;s:24:"date__date_string_format";N;s:36:"embedded_content_model__content_type";N;s:31:"file_upload__file_upload_folder";N;s:29:"related_content__content_type";N;s:22:"textarea__translatable";b:0;s:14:"textarea__cols";N;s:14:"textarea__rows";N;s:18:"text__translatable";b:0;s:13:"text__maxchrs";N;s:28:"wysiwyg_editor__translatable";b:0;s:23:"wysiwyg_editor__options";N;s:34:"wysiwyg_editor__file_upload_folder";N;}', NULL, 9, NULL, 'textarea'),
(22, '37f76e994fd9948c585edc6b6817f17b', 0, 'Main category', 'mainCategoty', 0, 0, NULL, NULL, NULL, NULL, NULL, NULL, 'INSTALL', 'INSTALL', '2017-04-19 23:26:56', '2017-04-19 23:26:56', 'Choose a main category', 'a:16:{s:15:"choice__options";N;s:23:"choice__choice_expanded";b:0;s:20:"choice__choice_multi";b:0;s:22:"cms_form__translatable";b:0;s:24:"date__date_string_format";N;s:36:"embedded_content_model__content_type";N;s:31:"file_upload__file_upload_folder";N;s:29:"related_content__content_type";i:7;s:22:"textarea__translatable";b:0;s:14:"textarea__cols";N;s:14:"textarea__rows";N;s:18:"text__translatable";b:0;s:13:"text__maxchrs";N;s:28:"wysiwyg_editor__translatable";b:0;s:23:"wysiwyg_editor__options";N;s:34:"wysiwyg_editor__file_upload_folder";N;}', NULL, 10, NULL, 'related_content'),
(23, '3a03abfd045a8f04db61f323619285cb', 1, 'Sub Category', 'subCategory', 0, 0, NULL, NULL, NULL, NULL, NULL, NULL, 'INSTALL', 'INSTALL', '2017-04-19 23:26:56', '2017-04-19 23:26:56', 'Choose a sub category', 'a:16:{s:15:"choice__options";N;s:23:"choice__choice_expanded";b:0;s:20:"choice__choice_multi";b:0;s:22:"cms_form__translatable";b:0;s:24:"date__date_string_format";N;s:36:"embedded_content_model__content_type";N;s:31:"file_upload__file_upload_folder";N;s:29:"related_content__content_type";i:8;s:22:"textarea__translatable";b:0;s:14:"textarea__cols";N;s:14:"textarea__rows";N;s:18:"text__translatable";b:0;s:13:"text__maxchrs";N;s:28:"wysiwyg_editor__translatable";b:0;s:23:"wysiwyg_editor__options";N;s:34:"wysiwyg_editor__file_upload_folder";N;}', NULL, 10, NULL, 'related_content');

--
-- Dumping data for table `ninjacms_languages`
--

INSERT INTO `ninjacms_languages` (`id`, `securekey`, `name`, `createdBy`, `modifiedBy`, `createdAt`, `modifiedAt`, `languageCode`, `isDefault`) VALUES
(1, 'e67ef8498dee354ed4b54917a550a422', 'English', 'migration', 'migration', '2017-04-17 17:51:55', '2017-04-17 17:51:55', 'en', 1);

SET FOREIGN_KEY_CHECKS = 1;